No,Product Type,Primary,On Primary,Secondary,On Secondary,Accent,On Accent,Background,Foreground,Card,Card Foreground,Muted,Muted Foreground,Border,Destructive,On Destructive,Ring,Notes
19,NFT/Web3 Platform,#8B5CF6,#FFFFFF,#A78BFA,#0F172A,#FBBF24,#0F172A,#0F0F23,#F8FAFC,#1E1D35,#F8FAFC,#27273B,#94A3B8,#4C1D95,#EF4444,#FFFFFF,#8B5CF6,Purple tech + gold value
53,Photography Studio,#18181B,#FFFFFF,#27272A,#FFFFFF,#F8FAFC,#0F172A,#000000,#FAFAFA,#0C0C0C,#FAFAFA,#181818,#94A3B8,#3F3F46,#EF4444,#FFFFFF,#18181B,Pure black + white contrast
63,Bakery/Cafe,#92400E,#FFFFFF,#B45309,#FFFFFF,#92400E,#FFFFFF,#FEF3C7,#78350F,#FFFFFF,#78350F,#EDEEF0,#64748B,#FDE68A,#DC2626,#FFFFFF,#92400E,Warm brown + cream white [Accent adjusted from #F8FAFC for WCAG 3:1]
66,News/Media Platform,#DC2626,#FFFFFF,#EF4444,#FFFFFF,#1E40AF,#FFFFFF,#FEF2F2,#450A0A,#FFFFFF,#450A0A,#F0EDF1,#64748B,#FECACA,#DC2626,#FFFFFF,#DC2626,Breaking red + link blue
76,Museum/Gallery,#18181B,#FFFFFF,#27272A,#FFFFFF,#18181B,#FFFFFF,#FAFAFA,#09090B,#FFFFFF,#09090B,#E8ECF0,#64748B,#E4E4E7,#DC2626,#FFFFFF,#18181B,Gallery black + white space [Accent adjusted from #F8FAFC for WCAG 3:1]
80,Cybersecurity Platform,#00FF41,#0F172A,#0D0D0D,#FFFFFF,#FF3333,#FFFFFF,#000000,#E0E0E0,#0C130E,#E0E0E0,#181818,#94A3B8,#1F1F1F,#EF4444,#FFFFFF,#00FF41,Matrix green + alert red
85,Quantum Computing Interface,#00FFFF,#0F172A,#7B61FF,#FFFFFF,#FF00FF,#FFFFFF,#050510,#E0E0FF,#101823,#E0E0FF,#1D1D28,#94A3B8,#333344,#EF4444,#FFFFFF,#00FFFF,Quantum cyan + interference purple
87,Autonomous Drone Fleet Manager,#00FF41,#0F172A,#008F11,#FFFFFF,#FF3333,#FFFFFF,#0D1117,#E6EDF3,#182424,#E6EDF3,#25292F,#94A3B8,#30363D,#EF4444,#FFFFFF,#00FF41,Terminal green + alert red
89,Spatial Computing OS / App,#FFFFFF,#0F172A,#E5E5E5,#0F172A,#FFFFFF,#0F172A,#888888,#000000,#999999,#000000,#777777,#D4D4D4,#CCCCCC,#FF3B30,#FFFFFF,#007AFF,Glass white + system blue [Accent adjusted from #007AFF for WCAG 3:1]
