No,Font Pairing Name,Category,Heading Font,Body Font,Mood/Style Keywords,Best For,Google Fonts URL,CSS Import,Tailwind Config,Notes
6,Playful Creative,Display + Sans,Fredoka,Nunito,"playful, friendly, fun, creative, warm, approachable","Children's apps, educational, gaming, creative tools, entertainment",https://fonts.google.com/share?selection.family=Fredoka:wght@400;500;600;700|Nunito:wght@300;400;500;600;700,@import url('https://fonts.googleapis.com/css2?family=Fredoka:wght@400;500;600;700&family=Nunito:wght@300;400;500;600;700&display=swap');,"fontFamily: { heading: ['Fredoka', 'sans-serif'], body: ['Nunito', 'sans-serif'] }","Rounded, friendly fonts perfect for playful UIs."
7,Bold Statement,Display + Sans,Bebas Neue,Source Sans 3,"bold, impactful, strong, dramatic, modern, headlines","Marketing sites, portfolios, agencies, event pages, sports",https://fonts.google.com/share?selection.family=Bebas+Neue|Source+Sans+3:wght@300;400;500;600;700,@import url('https://fonts.googleapis.com/css2?family=Bebas+Neue&family=Source+Sans+3:wght@300;400;500;600;700&display=swap');,"fontFamily: { display: ['Bebas Neue', 'sans-serif'], body: ['Source Sans 3', 'sans-serif'] }",Bebas Neue for large headlines only. All-caps display font.
10,Retro Vintage,Display + Serif,Abril Fatface,Merriweather,"retro, vintage, nostalgic, dramatic, decorative, bold","Vintage brands, breweries, restaurants, creative portfolios, posters",https://fonts.google.com/share?selection.family=Abril+Fatface|Merriweather:wght@300;400;700,@import url('https://fonts.googleapis.com/css2?family=Abril+Fatface&family=Merriweather:wght@300;400;700&display=swap');,"fontFamily: { display: ['Abril Fatface', 'serif'], body: ['Merriweather', 'serif'] }",Abril Fatface for hero headlines only. High-impact vintage feel.
15,Handwritten Charm,Script + Sans,Caveat,Quicksand,"handwritten, personal, friendly, casual, warm, charming","Personal blogs, invitations, creative portfolios, lifestyle brands",https://fonts.google.com/share?selection.family=Caveat:wght@400;500;600;700|Quicksand:wght@300;400;500;600;700,@import url('https://fonts.googleapis.com/css2?family=Caveat:wght@400;500;600;700&family=Quicksand:wght@300;400;500;600;700&display=swap');,"fontFamily: { script: ['Caveat', 'cursive'], sans: ['Quicksand', 'sans-serif'] }",Use Caveat sparingly for accents. Quicksand for body.
16,Corporate Trust,Sans + Sans,Lexend,Source Sans 3,"corporate, trustworthy, accessible, readable, professional, clean","Enterprise, government, healthcare, finance, accessibility-focused",https://fonts.google.com/share?selection.family=Lexend:wght@300;400;500;600;700|Source+Sans+3:wght@300;400;500;600;700,@import url('https://fonts.googleapis.com/css2?family=Lexend:wght@300;400;500;600;700&family=Source+Sans+3:wght@300;400;500;600;700&display=swap');,"fontFamily: { heading: ['Lexend', 'sans-serif'], body: ['Source Sans 3', 'sans-serif'] }",Lexend designed for readability. Excellent accessibility.
19,Soft Rounded,Sans + Sans,Varela Round,Nunito Sans,"soft, rounded, friendly, approachable, warm, gentle","Children's products, pet apps, friendly brands, wellness, soft UI",https://fonts.google.com/share?selection.family=Nunito+Sans:wght@300;400;500;600;700|Varela+Round,@import url('https://fonts.googleapis.com/css2?family=Nunito+Sans:wght@300;400;500;600;700&family=Varela+Round&display=swap');,"fontFamily: { heading: ['Varela Round', 'sans-serif'], body: ['Nunito Sans', 'sans-serif'] }",Both rounded and friendly. Perfect for soft UI designs.
20,Premium Sans,Sans + Sans,Satoshi,General Sans,"premium, modern, clean, sophisticated, versatile, balanced","Premium brands, modern agencies, SaaS, portfolios, startups",https://fonts.google.com/share?selection.family=DM+Sans:wght@400;500;700,@import url('https://fonts.googleapis.com/css2?family=DM+Sans:wght@400;500;700&display=swap');,"fontFamily: { sans: ['DM Sans', 'sans-serif'] }",Note: Satoshi/General Sans on Fontshare. DM Sans as Google alternative.
21,Vietnamese Friendly,Sans + Sans,Be Vietnam Pro,Noto Sans,"vietnamese, international, readable, clean, multilingual, accessible","Vietnamese sites, multilingual apps, international products",https://fonts.google.com/share?selection.family=Be+Vietnam+Pro:wght@300;400;500;600;700|Noto+Sans:wght@300;400;500;600;700,@import url('https://fonts.googleapis.com/css2?family=Be+Vietnam+Pro:wght@300;400;500;600;700&family=Noto+Sans:wght@300;400;500;600;700&display=swap');,"fontFamily: { sans: ['Be Vietnam Pro', 'Noto Sans', 'sans-serif'] }",Be Vietnam Pro excellent Vietnamese support. Noto as fallback.
22,Japanese Elegant,Serif + Sans,Noto Serif JP,Noto Sans JP,"japanese, elegant, traditional, modern, multilingual, readable","Japanese sites, Japanese restaurants, cultural sites, anime/manga",https://fonts.google.com/share?selection.family=Noto+Sans+JP:wght@300;400;500;700|Noto+Serif+JP:wght@400;500;600;700,@import url('https://fonts.googleapis.com/css2?family=Noto+Sans+JP:wght@300;400;500;700&family=Noto+Serif+JP:wght@400;500;600;700&display=swap');,"fontFamily: { serif: ['Noto Serif JP', 'serif'], sans: ['Noto Sans JP', 'sans-serif'] }",Noto fonts excellent Japanese support. Traditional + modern feel.
23,Korean Modern,Sans + Sans,Noto Sans KR,Noto Sans KR,"korean, modern, clean, professional, multilingual, readable, 한국어, 깔끔한","Korean sites, K-beauty, K-pop, Korean businesses, multilingual, 한국어 웹사이트",https://fonts.google.com/share?selection.family=Noto+Sans+KR:wght@300;400;500;700,@import url('https://fonts.googleapis.com/css2?family=Noto+Sans+KR:wght@300;400;500;700&display=swap');,"fontFamily: { sans: ['Noto Sans KR', 'sans-serif'] }",Clean Korean typography. Single font with weight variations.
24,Chinese Traditional,Serif + Sans,Noto Serif TC,Noto Sans TC,"chinese, traditional, elegant, cultural, multilingual, readable","Traditional Chinese sites, cultural content, Taiwan/Hong Kong markets",https://fonts.google.com/share?selection.family=Noto+Sans+TC:wght@300;400;500;700|Noto+Serif+TC:wght@400;500;600;700,@import url('https://fonts.googleapis.com/css2?family=Noto+Sans+TC:wght@300;400;500;700&family=Noto+Serif+TC:wght@400;500;600;700&display=swap');,"fontFamily: { serif: ['Noto Serif TC', 'serif'], sans: ['Noto Sans TC', 'sans-serif'] }",Traditional Chinese character support. Elegant pairing.
25,Chinese Simplified,Sans + Sans,Noto Sans SC,Noto Sans SC,"chinese, simplified, modern, professional, multilingual, readable","Simplified Chinese sites, mainland China market, business apps",https://fonts.google.com/share?selection.family=Noto+Sans+SC:wght@300;400;500;700,@import url('https://fonts.googleapis.com/css2?family=Noto+Sans+SC:wght@300;400;500;700&display=swap');,"fontFamily: { sans: ['Noto Sans SC', 'sans-serif'] }",Simplified Chinese support. Clean modern look.
26,Arabic Elegant,Serif + Sans,Noto Naskh Arabic,Noto Sans Arabic,"arabic, elegant, traditional, cultural, RTL, readable","Arabic sites, Middle East market, Islamic content, bilingual sites",https://fonts.google.com/share?selection.family=Noto+Naskh+Arabic:wght@400;500;600;700|Noto+Sans+Arabic:wght@300;400;500;700,@import url('https://fonts.googleapis.com/css2?family=Noto+Naskh+Arabic:wght@400;500;600;700&family=Noto+Sans+Arabic:wght@300;400;500;700&display=swap');,"fontFamily: { serif: ['Noto Naskh Arabic', 'serif'], sans: ['Noto Sans Arabic', 'sans-serif'] }","RTL support. Naskh for traditional, Sans for modern Arabic."
27,Thai Modern,Sans + Sans,Noto Sans Thai,Noto Sans Thai,"thai, modern, readable, clean, multilingual, accessible","Thai sites, Southeast Asia, tourism, Thai restaurants",https://fonts.google.com/share?selection.family=Noto+Sans+Thai:wght@300;400;500;700,@import url('https://fonts.googleapis.com/css2?family=Noto+Sans+Thai:wght@300;400;500;700&display=swap');,"fontFamily: { sans: ['Noto Sans Thai', 'sans-serif'] }",Clean Thai typography. Excellent readability.
28,Hebrew Modern,Sans + Sans,Noto Sans Hebrew,Noto Sans Hebrew,"hebrew, modern, RTL, clean, professional, readable","Hebrew sites, Israeli market, Jewish content, bilingual sites",https://fonts.google.com/share?selection.family=Noto+Sans+Hebrew:wght@300;400;500;700,@import url('https://fonts.googleapis.com/css2?family=Noto+Sans+Hebrew:wght@300;400;500;700&display=swap');,"fontFamily: { sans: ['Noto Sans Hebrew', 'sans-serif'] }",RTL support. Clean modern Hebrew typography.
30,Medical Clean,Sans + Sans,Figtree,Noto Sans,"medical, clean, accessible, professional, healthcare, trustworthy","Healthcare, medical clinics, pharma, health apps, accessibility",https://fonts.google.com/share?selection.family=Figtree:wght@300;400;500;600;700|Noto+Sans:wght@300;400;500;700,@import url('https://fonts.googleapis.com/css2?family=Figtree:wght@300;400;500;600;700&family=Noto+Sans:wght@300;400;500;700&display=swap');,"fontFamily: { heading: ['Figtree', 'sans-serif'], body: ['Noto Sans', 'sans-serif'] }","Clean, accessible fonts for medical contexts."
32,Real Estate Luxury,Serif + Sans,Cinzel,Josefin Sans,"real estate, luxury, elegant, sophisticated, property, premium","Real estate, luxury properties, architecture, interior design",https://fonts.google.com/share?selection.family=Cinzel:wght@400;500;600;700|Josefin+Sans:wght@300;400;500;600;700,@import url('https://fonts.googleapis.com/css2?family=Cinzel:wght@400;500;600;700&family=Josefin+Sans:wght@300;400;500;600;700&display=swap');,"fontFamily: { serif: ['Cinzel', 'serif'], sans: ['Josefin Sans', 'sans-serif'] }",Cinzel's elegance for headlines. Josefin for modern body.
34,Art Deco,Display + Sans,Poiret One,Didact Gothic,"art deco, vintage, 1920s, elegant, decorative, gatsby","Vintage events, art deco themes, luxury hotels, classic cocktails",https://fonts.google.com/share?selection.family=Didact+Gothic|Poiret+One,@import url('https://fonts.googleapis.com/css2?family=Didact+Gothic&family=Poiret+One&display=swap');,"fontFamily: { display: ['Poiret One', 'sans-serif'], sans: ['Didact Gothic', 'sans-serif'] }",Poiret One for art deco headlines only. Didact for body.
35,Magazine Style,Serif + Sans,Libre Bodoni,Public Sans,"magazine, editorial, publishing, refined, journalism, print","Magazines, online publications, editorial content, journalism",https://fonts.google.com/share?selection.family=Libre+Bodoni:wght@400;500;600;700|Public+Sans:wght@300;400;500;600;700,@import url('https://fonts.googleapis.com/css2?family=Libre+Bodoni:wght@400;500;600;700&family=Public+Sans:wght@300;400;500;600;700&display=swap');,"fontFamily: { serif: ['Libre Bodoni', 'serif'], sans: ['Public Sans', 'sans-serif'] }",Bodoni's editorial elegance. Public Sans for clean UI.
36,Crypto/Web3,Sans + Sans,Orbitron,Exo 2,"crypto, web3, futuristic, tech, blockchain, digital","Crypto platforms, NFT, blockchain, web3, futuristic tech",https://fonts.google.com/share?selection.family=Exo+2:wght@300;400;500;600;700|Orbitron:wght@400;500;600;700,@import url('https://fonts.googleapis.com/css2?family=Exo+2:wght@300;400;500;600;700&family=Orbitron:wght@400;500;600;700&display=swap');,"fontFamily: { display: ['Orbitron', 'sans-serif'], body: ['Exo 2', 'sans-serif'] }",Orbitron for futuristic headers. Exo 2 for readable body.
37,Gaming Bold,Display + Sans,Russo One,Chakra Petch,"gaming, bold, action, esports, competitive, energetic","Gaming, esports, action games, competitive sports, entertainment",https://fonts.google.com/share?selection.family=Chakra+Petch:wght@300;400;500;600;700|Russo+One,@import url('https://fonts.googleapis.com/css2?family=Chakra+Petch:wght@300;400;500;600;700&family=Russo+One&display=swap');,"fontFamily: { display: ['Russo One', 'sans-serif'], body: ['Chakra Petch', 'sans-serif'] }",Russo One for impact. Chakra Petch for techy body text.
38,Indie/Craft,Display + Sans,Amatic SC,Cabin,"indie, craft, handmade, artisan, organic, creative","Craft brands, indie products, artisan, handmade, organic products",https://fonts.google.com/share?selection.family=Amatic+SC:wght@400;700|Cabin:wght@400;500;600;700,@import url('https://fonts.googleapis.com/css2?family=Amatic+SC:wght@400;700&family=Cabin:wght@400;500;600;700&display=swap');,"fontFamily: { display: ['Amatic SC', 'sans-serif'], sans: ['Cabin', 'sans-serif'] }",Amatic for handwritten feel. Cabin for readable body.
39,Startup Bold,Sans + Sans,Clash Display,Satoshi,"startup, bold, modern, innovative, confident, dynamic","Startups, pitch decks, product launches, bold brands",https://fonts.google.com/share?selection.family=Outfit:wght@400;500;600;700|Rubik:wght@300;400;500;600;700,@import url('https://fonts.googleapis.com/css2?family=Outfit:wght@400;500;600;700&family=Rubik:wght@300;400;500;600;700&display=swap');,"fontFamily: { heading: ['Outfit', 'sans-serif'], body: ['Rubik', 'sans-serif'] }",Note: Clash Display on Fontshare. Outfit as Google alternative.
40,E-commerce Clean,Sans + Sans,Rubik,Nunito Sans,"ecommerce, clean, shopping, product, retail, conversion","E-commerce, online stores, product pages, retail, shopping",https://fonts.google.com/share?selection.family=Nunito+Sans:wght@300;400;500;600;700|Rubik:wght@300;400;500;600;700,@import url('https://fonts.googleapis.com/css2?family=Nunito+Sans:wght@300;400;500;600;700&family=Rubik:wght@300;400;500;600;700&display=swap');,"fontFamily: { heading: ['Rubik', 'sans-serif'], body: ['Nunito Sans', 'sans-serif'] }",Clean readable fonts perfect for product descriptions.
42,Dashboard Data,Mono + Sans,Fira Code,Fira Sans,"dashboard, data, analytics, code, technical, precise","Dashboards, analytics, data visualization, admin panels",https://fonts.google.com/share?selection.family=Fira+Code:wght@400;500;600;700|Fira+Sans:wght@300;400;500;600;700,@import url('https://fonts.googleapis.com/css2?family=Fira+Code:wght@400;500;600;700&family=Fira+Sans:wght@300;400;500;600;700&display=swap');,"fontFamily: { mono: ['Fira Code', 'monospace'], sans: ['Fira Sans', 'sans-serif'] }","Fira family cohesion. Code for data, Sans for labels."
45,Kids/Education,Display + Sans,Baloo 2,Comic Neue,"kids, education, playful, friendly, colorful, learning","Children's apps, educational games, kid-friendly content",https://fonts.google.com/share?selection.family=Baloo+2:wght@400;500;600;700|Comic+Neue:wght@300;400;700,@import url('https://fonts.googleapis.com/css2?family=Baloo+2:wght@400;500;600;700&family=Comic+Neue:wght@300;400;700&display=swap');,"fontFamily: { display: ['Baloo 2', 'sans-serif'], sans: ['Comic Neue', 'sans-serif'] }","Fun, playful fonts for children. Comic Neue is readable comic style."
48,Accessibility First,Sans + Sans,Atkinson Hyperlegible,Atkinson Hyperlegible,"accessible, readable, inclusive, WCAG, dyslexia-friendly, clear","Accessibility-critical sites, government, healthcare, inclusive design",https://fonts.google.com/share?selection.family=Atkinson+Hyperlegible:wght@400;700,@import url('https://fonts.googleapis.com/css2?family=Atkinson+Hyperlegible:wght@400;700&display=swap');,"fontFamily: { sans: ['Atkinson Hyperlegible', 'sans-serif'] }",Designed for maximum legibility. Excellent for accessibility.
49,Sports/Fitness,Sans + Sans,Barlow Condensed,Barlow,"sports, fitness, athletic, energetic, condensed, action","Sports, fitness, gyms, athletic brands, competition",https://fonts.google.com/share?selection.family=Barlow+Condensed:wght@400;500;600;700|Barlow:wght@300;400;500;600;700,@import url('https://fonts.googleapis.com/css2?family=Barlow+Condensed:wght@400;500;600;700&family=Barlow:wght@300;400;500;600;700&display=swap');,"fontFamily: { display: ['Barlow Condensed', 'sans-serif'], body: ['Barlow', 'sans-serif'] }",Condensed for impact headlines. Regular Barlow for body.
50,Luxury Minimalist,Serif + Sans,Bodoni Moda,Jost,"luxury, minimalist, high-end, sophisticated, refined, premium","Luxury minimalist brands, high-end fashion, premium products",https://fonts.google.com/share?selection.family=Bodoni+Moda:wght@400;500;600;700|Jost:wght@300;400;500;600;700,@import url('https://fonts.googleapis.com/css2?family=Bodoni+Moda:wght@400;500;600;700&family=Jost:wght@300;400;500;600;700&display=swap');,"fontFamily: { serif: ['Bodoni Moda', 'serif'], sans: ['Jost', 'sans-serif'] }",Bodoni's high contrast elegance. Jost for geometric body.
51,Tech/HUD Mono,Mono + Mono,Share Tech Mono,Fira Code,"tech, futuristic, hud, sci-fi, data, monospaced, precise","Sci-fi interfaces, developer tools, cybersecurity, dashboards",https://fonts.google.com/share?selection.family=Fira+Code:wght@300;400;500;600;700|Share+Tech+Mono,@import url('https://fonts.googleapis.com/css2?family=Fira+Code:wght@300;400;500;600;700&family=Share+Tech+Mono&display=swap');,"fontFamily: { hud: ['Share Tech Mono', 'monospace'], code: ['Fira Code', 'monospace'] }",Share Tech Mono has that classic sci-fi look.
52,Pixel Retro,Display + Sans,Press Start 2P,VT323,"pixel, retro, gaming, 8-bit, nostalgic, arcade","Pixel art games, retro websites, creative portfolios",https://fonts.google.com/share?selection.family=Press+Start+2P|VT323,@import url('https://fonts.googleapis.com/css2?family=Press+Start+2P&family=VT323&display=swap');,"fontFamily: { pixel: ['Press Start 2P', 'cursive'], terminal: ['VT323', 'monospace'] }",Press Start 2P is very wide/large. VT323 is better for body text.
53,Neubrutalist Bold,Display + Sans,Lexend Mega,Public Sans,"bold, neubrutalist, loud, strong, geometric, quirky","Neubrutalist designs, Gen Z brands, bold marketing",https://fonts.google.com/share?selection.family=Lexend+Mega:wght@100..900|Public+Sans:wght@100..900,@import url('https://fonts.googleapis.com/css2?family=Lexend+Mega:wght@100..900&family=Public+Sans:wght@100..900&display=swap');,"fontFamily: { mega: ['Lexend Mega', 'sans-serif'], body: ['Public Sans', 'sans-serif'] }",Lexend Mega has distinct character and variable weight.
57,Gen Z Brutal,Display + Sans,Anton,Epilogue,"brutal, loud, shouty, meme, internet, bold","Gen Z marketing, streetwear, viral campaigns",https://fonts.google.com/share?selection.family=Anton|Epilogue:wght@400;500;600;700,@import url('https://fonts.googleapis.com/css2?family=Anton&family=Epilogue:wght@400;500;600;700&display=swap');,"fontFamily: { display: ['Anton', 'sans-serif'], body: ['Epilogue', 'sans-serif'] }",Anton is impactful and condensed. Good for stickers/badges.57,Bauhaus Geometric,Geometric Sans + Single Weight,Outfit,Outfit,"bauhaus, geometric, constructivist, bold, uppercase, architectural, mechanical, poster, tactile","Bauhaus mobile apps, bold editorial mobile, design-forward branding apps, art/culture platforms",https://fonts.google.com/share?selection.family=Outfit:wght@400;500;700;900,@import url('https://fonts.googleapis.com/css2?family=Outfit:wght@400;500;700;900&display=swap');,"fontFamily: { display: ['Outfit', 'sans-serif'], body: ['Outfit', 'sans-serif'] }",Single-family system: Outfit 900 uppercase tracking-tighter for heroes; Outfit 700 uppercase for buttons/nav; Outfit 500 for body. Scale aggressively: text-4xl–text-5xl headlines on mobile.
61,Terminal CLI Monospace,Mono + Mono (Single Family),JetBrains Mono,JetBrains Mono,"terminal, cli, hacker, monospace, matrix, developer, retro-future, command line, precision, OLED","Developer tools, Web3/blockchain apps, hacker aesthetic, sci-fi games, ARG, security tools, geek-culture portfolios","https://fonts.google.com/share?selection.family=JetBrains+Mono:ital,wght@0,400;0,500;1,400","@import url('https://fonts.googleapis.com/css2?family=JetBrains+Mono:ital,wght@0,400;0,500;1,400&display=swap');","fontFamily: { mono: ['JetBrains Mono', 'monospace'] }",Single monospace system: use ONLY JetBrains Mono (or SpaceMono-Regular as system fallback). Strict sizes: 12pt / 14pt / 16pt only — no in-between. Weight: 400 normal (bold ruins mono character). Line height: 1.2x font size for information density. Letter spacing: normal (monospaced auto-spacing). All UI labels uppercase. ASCII borders and text-based progress bars.
68,Cyberpunk Mobile (Orbitron + JetBrains Mono),Tech Display + Mono,Orbitron,JetBrains Mono,"cyberpunk, neon, glitch, hud, sci-fi, dark, matrix green, magenta, chamfered, tactical","Gaming companion apps, fintech/crypto, data visualization, dark brand apps, cyberpunk narrative games",https://fonts.google.com/share?selection.family=JetBrains+Mono:wght@400;500|Orbitron:wght@700;900,@import url('https://fonts.googleapis.com/css2?family=JetBrains+Mono:wght@400;500&family=Orbitron:wght@700;900&display=swap');,"fontFamily: { heading: ['Orbitron', 'sans-serif'], body: ['JetBrains Mono', 'monospace'] }","Dual-stack: Orbitron 700–900 for H1 (42px uppercase letterSpacing 4, fontWeight 900). JetBrains Mono 400–500 for all body/data text (14px letterSpacing 1). Labels: 10px uppercase opacity 0.7. Heading scale aggressive: H1 42px, H2 28px, Section 20px. Body 14px monospace only. NO mixed sans-serif. Fallback: monospace system font. Orbitron requires loading — use NativeWind or useFonts hook."
72,Sketch Hand-Drawn Mobile (Kalam + Patrick Hand),Handwritten + Handwritten (Dual),Kalam,Patrick Hand,"sketch, hand-drawn, handwriting, human, imperfect, organic, paper, kalam, patrick hand, education, journal, creative","Journaling apps, prototype tools, children's picturebook apps, creative platforms, gamified puzzle apps",https://fonts.google.com/share?selection.family=Kalam:wght@400;700|Patrick+Hand,@import url('https://fonts.googleapis.com/css2?family=Kalam:wght@400;700&family=Patrick+Hand&display=swap');,"fontFamily: { heading: ['Kalam', 'cursive'], body: ['Patrick Hand', 'cursive'] }","Dual handwritten stack: Kalam Bold (700) for all headings — high visual weight, felt-tip marker aesthetic, conveys intentional messiness. Patrick Hand Regular for all body text — highly legible at mobile sizes while remaining distinctly human. Scale: Heading 28–36px with lineHeight adjusted for descenders. Body 16–18px lineHeight 1.5. Labels 14px. Vary font sizes slightly between adjacent elements for spontaneous feel. Avoid alignment: 'center' for long body text — left-aligned reads more naturally. Both fonts require useFonts loading in Expo. Never use these fonts for financial figures or legal text."
74,Korean Elegant Serif,Serif + Sans,Noto Serif KR,Noto Sans KR,"korean, elegant, traditional, modern, serif, premium, 한국어, 고급스러운, 우아한","Korean luxury brands, editorial, cultural content, traditional businesses, 한국어 매거진, 고급 브랜드",https://fonts.google.com/share?selection.family=Noto+Sans+KR:wght@300;400;500;700|Noto+Serif+KR:wght@400;500;600;700,@import url('https://fonts.googleapis.com/css2?family=Noto+Sans+KR:wght@300;400;500;700&family=Noto+Serif+KR:wght@400;500;600;700&display=swap');,"fontFamily: { serif: ['Noto Serif KR', 'serif'], sans: ['Noto Sans KR', 'sans-serif'] }","Noto Serif KR for elegant headings, Noto Sans KR for clean body. High contrast pairing ideal for premium Korean content."
75,Korean Nanum Classic,Serif + Sans,Nanum Myeongjo,Nanum Gothic,"korean, classic, naver, readable, professional, blog, 한국어, 나눔, 블로그, 가독성","Korean blogs, news sites, content-heavy sites, 한국어 블로그, 뉴스 사이트, 콘텐츠 플랫폼",https://fonts.google.com/share?selection.family=Nanum+Gothic:wght@400;700|Nanum+Myeongjo:wght@400;700,@import url('https://fonts.googleapis.com/css2?family=Nanum+Gothic:wght@400;700&family=Nanum+Myeongjo:wght@400;700&display=swap');,"fontFamily: { serif: ['Nanum Myeongjo', 'serif'], sans: ['Nanum Gothic', 'sans-serif'] }","Korea's most classic web font pairing. Nanum Myeongjo (Naver) for editorial headings, Nanum Gothic for body. Ubiquitous in Korean web design."
76,Korean Bold Display,Display + Sans,Black Han Sans,Nanum Gothic,"korean, bold, impactful, display, headlines, poster, 한국어, 굵은, 포스터, 임팩트","Korean marketing, posters, event pages, bold headlines, 한국어 이벤트 페이지, 마케팅 배너",https://fonts.google.com/share?selection.family=Black+Han+Sans|Nanum+Gothic:wght@400;700,@import url('https://fonts.googleapis.com/css2?family=Black+Han+Sans&family=Nanum+Gothic:wght@400;700&display=swap');,"fontFamily: { display: ['Black Han Sans', 'sans-serif'], body: ['Nanum Gothic', 'sans-serif'] }",Black Han Sans for large impactful headlines only (single weight). Nanum Gothic for readable body. Perfect for marketing and event pages.
77,Korean Corporate,Sans + Sans,Gothic A1,IBM Plex Sans KR,"korean, corporate, professional, business, enterprise, fintech, 한국어, 기업, 비즈니스, 금융","Korean enterprise, fintech, B2B SaaS, government sites, 한국어 기업 사이트, 금융 서비스",https://fonts.google.com/share?selection.family=Gothic+A1:wght@300;400;500;600;700|IBM+Plex+Sans+KR:wght@300;400;500;600;700,@import url('https://fonts.googleapis.com/css2?family=Gothic+A1:wght@300;400;500;600;700&family=IBM+Plex+Sans+KR:wght@300;400;500;600;700&display=swap');,"fontFamily: { heading: ['Gothic A1', 'sans-serif'], body: ['IBM Plex Sans KR', 'sans-serif'] }",Gothic A1 is a modern Korean sans-serif with 9 weights. IBM Plex Sans KR conveys trust for financial/enterprise. Both excellent for data-heavy UIs.
78,Korean Traditional Serif,Serif + Sans,Gowun Batang,Nanum Gothic,"korean, traditional, literary, cultural, refined, 한국어, 전통적, 문학, 문화, 세련된","Korean literary sites, cultural content, traditional brands, publishing, 한국어 출판, 문학 사이트",https://fonts.google.com/share?selection.family=Gowun+Batang:wght@400;700|Nanum+Gothic:wght@400;700,@import url('https://fonts.googleapis.com/css2?family=Gowun+Batang:wght@400;700&family=Nanum+Gothic:wght@400;700&display=swap');,"fontFamily: { serif: ['Gowun Batang', 'serif'], sans: ['Nanum Gothic', 'sans-serif'] }",Gowun Batang has a refined Korean serif feel. Excellent for literary and cultural content. Pair with Nanum Gothic for modern body text.
79,Korean Playful Rounded,Sans + Sans,Jua,Gowun Dodum,"korean, playful, fun, friendly, rounded, cute, 한국어, 귀여운, 친근한, 동글동글","Korean children's apps, casual brands, food delivery, 한국어 어린이 앱, 캐주얼 브랜드, 배달 앱",https://fonts.google.com/share?selection.family=Gowun+Dodum|Jua,@import url('https://fonts.googleapis.com/css2?family=Gowun+Dodum&family=Jua&display=swap');,"fontFamily: { display: ['Jua', 'sans-serif'], body: ['Gowun Dodum', 'sans-serif'] }","Jua for playful, rounded headlines (single weight). Gowun Dodum for friendly, soft body text. Perfect for casual and fun Korean brands."
80,Korean Handwritten,Script + Script,Gamja Flower,Gaegu,"korean, handwritten, personal, casual, warm, journal, 한국어, 손글씨, 일기, 캐주얼","Korean personal blogs, journals, greeting cards, 한국어 개인 블로그, 일기 앱, 감성 카드",https://fonts.google.com/share?selection.family=Gaegu:wght@300;400;700|Gamja+Flower,@import url('https://fonts.googleapis.com/css2?family=Gaegu:wght@300;400;700&family=Gamja+Flower&display=swap');,"fontFamily: { display: ['Gamja Flower', 'cursive'], body: ['Gaegu', 'cursive'] }","Korean handwritten fonts for personal, warm feel. Gamja Flower for decorative headlines, Gaegu for readable handwritten body. Use sparingly — not for formal content."
81,Korean Modern Variable,Serif + Sans,Hahmlet,Noto Sans KR,"korean, modern, variable, premium, editorial, 한국어, 모던, 가변폰트, 프리미엄, 에디토리얼","Korean premium brands, editorial content, design-forward sites, 한국어 프리미엄 브랜드, 디자인 매거진",https://fonts.google.com/share?selection.family=Hahmlet:wght@300;400;500;600;700;800;900|Noto+Sans+KR:wght@300;400;500;700,@import url('https://fonts.googleapis.com/css2?family=Hahmlet:wght@300;400;500;600;700;800;900&family=Noto+Sans+KR:wght@300;400;500;700&display=swap');,"fontFamily: { serif: ['Hahmlet', 'serif'], sans: ['Noto Sans KR', 'sans-serif'] }",Hahmlet (by Sandoll) is a modern Korean variable serif with 9 weights. Excellent for editorial headlines with fine typographic control. Pair with Noto Sans KR for clean body.
82,Korean Soft Minimal,Sans + Sans,Dongle,Sunflower,"korean, soft, minimal, light, thin, cute, 한국어, 가벼운, 미니멀, 얇은, 귀여운","Korean lifestyle apps, minimal branding, light UI, 한국어 라이프스타일, 미니멀 브랜드",https://fonts.google.com/share?selection.family=Dongle:wght@300;400;700|Sunflower:wght@300;500;700,@import url('https://fonts.googleapis.com/css2?family=Dongle:wght@300;400;700&family=Sunflower:wght@300;500;700&display=swap');,"fontFamily: { heading: ['Dongle', 'sans-serif'], body: ['Sunflower', 'sans-serif'] }","Both are lightweight Korean fonts. Dongle for thin, cute headlines. Sunflower for clean, minimal body. Best for light-themed, airy designs."
83,Korean Tech Developer,Mono + Sans,IBM Plex Sans KR,IBM Plex Sans KR,"korean, developer, tech, code, precise, professional, 한국어, 개발자, 기술, 코딩","Korean dev tools, tech blogs, documentation, 한국어 기술 문서, 개발자 블로그, IT 서비스",https://fonts.google.com/share?selection.family=IBM+Plex+Sans+KR:wght@300;400;500;600;700,@import url('https://fonts.googleapis.com/css2?family=IBM+Plex+Sans+KR:wght@300;400;500;600;700&display=swap');,"fontFamily: { sans: ['IBM Plex Sans KR', 'sans-serif'] }",IBM Plex Sans KR — single family with excellent Korean+Latin harmony. Perfect for developer tools and tech documentation where Korean and code coexist. Pair with IBM Plex Mono for code blocks.
84,Korean K-Pop/Youth,Display + Sans,Do Hyeon,Noto Sans KR,"korean, kpop, youth, bold, fun, trendy, gen-z, 한국어, 케이팝, 청소년, 트렌디","K-pop fan sites, youth brands, entertainment, 한국어 팬 사이트, 엔터테인먼트, Gen-Z 브랜드",https://fonts.google.com/share?selection.family=Do+Hyeon|Noto+Sans+KR:wght@400;500;700,@import url('https://fonts.googleapis.com/css2?family=Do+Hyeon&family=Noto+Sans+KR:wght@400;500;700&display=swap');,"fontFamily: { display: ['Do Hyeon', 'sans-serif'], body: ['Noto Sans KR', 'sans-serif'] }","Do Hyeon for bold, trendy Korean headlines (single weight). Has a distinctive K-pop/youth vibe. Noto Sans KR for reliable body text."
